{
  "model_name": "Insider Threat",
  "iterations": 50000,
  "ale": {
    "mean": 1168180.3380943115,
    "median": 604650.897479994,
    "std": 1855378.8939926776,
    "min": 0.0,
    "max": 47933935.26175007,
    "percentile_10": 0.0,
    "percentile_25": 221533.37857917725,
    "percentile_75": 1393952.441694478,
    "percentile_90": 2782903.149684292,
    "percentile_95": 4161350.726175432,
    "var_95": 4161350.726175432,
    "cvar_95": 7126237.882266278
  },
  "lef": {
    "mean": 2.46178,
    "median": 2.0,
    "std": 1.8839159300775605,
    "min": 0,
    "max": 17
  },
  "lm": {
    "mean": 472835.3378831402,
    "median": 316037.5490230003,
    "std": 524081.06741778424,
    "min": 6002.041306952837,
    "max": 16120134.03186921
  }
}